<?xml version='1.0' encoding="utf-8"?>

<toc version="2.0">
<!-- First tocitem specifies top level in Help browser Contents pane -->
<!-- This can be a roadmap page, as shown below, or a content page -->
    <tocitem target="html\pvlib_product_page.html">PV_LIB
        <!-- Nest tocitems to create hierarchical entries in  Contents-->
        <!-- To include icons, use the following syntax for tocitems: -->
        <!-- <tocitem target="foo.html" image="HelpIcon.NAME"> -->
        <!-- Title-of-Section </tocitem> -->
        <!-- where NAME is one of the following (use capital letters): -->
        <!-- FUNCTION, USER_GUIDE, EXAMPLES, BLOCK, GETTING_STARTED, -->
        <!-- DEMOS, RELEASE_NOTES --> 
        <!-- Icon images used for these entries are also stored in -->
        <!-- matlabroot/toolbox/matlab/icons -->
        <!-- A Getting Started Guide usually comes first -->
        <tocitem target="html\pvlib_getting_started.html" image="HelpIcon.GETTING_STARTED">
            About PV_LIB Toolbox
            <tocitem target="html\pvlib_system_requirements.html">System Requirements
            </tocitem>
            <tocitem target="html\pvlib_features.html">Features
            </tocitem>
        </tocitem>
     <!-- User Guide comes next -->
        <tocitem target="html\pvlib_user_guide.html" 
            image="HelpIcon.USER_GUIDE">User Guide
        </tocitem>
     <!-- Function reference next -->
     <!-- First item is page describing function categories, if any -->
        <tocitem target="html\pvlib_functions_by_cat.html" 
                 image="HelpIcon.FUNCTION">Function Reference
            <!-- List category with link to anchor in above page -->
            
	<tocitem target="html\pvlib_functions_by_cat.html#1">Time and Location Utilities 
                <tocitem target="html\pvl_date2doy_help.html">pvl_date2doy</tocitem>
		<tocitem target="html\pvl_doy2date_help.html">pvl_doy2date</tocitem>
                <tocitem target="html\pvl_leapyear_help.html">pvl_leapyear</tocitem>
		<tocitem target="html\pvl_matlabtime2excel_help.html">pvl_matlabtime2excel</tocitem>
                <tocitem target="html\pvl_exceltime2matlab_help.html">pvl_exceltime2matlab</tocitem>
                <tocitem target="html\pvl_maketimestruct_help.html">pvl_maketimestruct</tocitem>
		<tocitem target="html\pvl_makelocationstruct_help.html">pvl_makelocationstruct</tocitem>
 	</tocitem>

            <tocitem target="html\pvlib_functions_by_cat.html#1">Irradiance and Atmospheric Functions
		<tocitem target="html\pvl_readtmy2_help.html">pvl_readtmy2</tocitem>
		<tocitem target="html\pvl_readtmy3_help.html">pvl_readtmy3</tocitem>
		<tocitem target="html\pvl_getISDdata_help.html">pvl_getISDdata</tocitem>
		<tocitem target="html\pvl_readISH_help.html">pvl_readISH</tocitem>
                <tocitem target="html\pvl_ephemeris_help.html">pvl_ephemeris</tocitem>
		<tocitem target="html\pvl_spa_help.html">pvl_spa</tocitem>
		<tocitem target="html\pvl_extraradiation_help.html">pvl_extraradiation</tocitem>
		<tocitem target="html\pvl_pres2alt_help.html">pvl_pres2alt</tocitem>
		<tocitem target="html\pvl_alt2pres_help.html">pvl_alt2pres</tocitem>
		<tocitem target="html\pvl_relativeairmass_help.html">pvl_relativeairmass</tocitem>
                <tocitem target="html\pvl_absoluteairmass_help.html">pvl_absoluteairmass</tocitem>
		<tocitem target="html\pvl_disc_help.html">pvl_disc</tocitem>
		<tocitem target="html\pvl_dirint_help.html">pvl_dirint</tocitem>
		<tocitem target="html\pvl_louche_help.html">pvl_louche</tocitem>
		<tocitem target="html\pvl_erbs_help.html">pvl_erbs</tocitem>
		<tocitem target="html\pvl_orgill_hollands_help.html">pvl_orgill_hollands</tocitem>
		<tocitem target="html\pvl_reindl_1_help.html">pvl_reindl_1</tocitem>
		<tocitem target="html\pvl_reindl_2_help.html">pvl_reindl_2</tocitem>
		<tocitem target="html\pvl_clearsky_haurwitz_help.html">pvl_clearsky_haurwitz</tocitem>
		<tocitem target="html\pvl_clearsky_ineichen_help.html">pvl_clearsky_ineichen</tocitem>
		<tocitem target="html\pvl_calcPwat_help.html">pvl_calcPwat</tocitem>
 	    </tocitem>

	<tocitem target="html\pvlib_functions_by_cat.html#3">Irradiance Translation Functions
		<tocitem target="html\pvl_grounddiffuse_help.html">pvl_grounddiffuse</tocitem>
		<tocitem target="html\pvl_isotropicsky_help.html">pvl_isotropicsky</tocitem>
		<tocitem target="html\pvl_reindl1990_help.html">pvl_reindl1990</tocitem>
		<tocitem target="html\pvl_perez_help.html">pvl_perez</tocitem>
		<tocitem target="html\pvl_kingdiffuse_help.html">pvl_kingdiffuse</tocitem>
		<tocitem target="html\pvl_klucher1979_help.html">pvl_klucher1979</tocitem>
		<tocitem target="html\pvl_haydavies1980_help.html">pvl_haydavies1980</tocitem>
		<tocitem target="html\pvl_getaoi_help.html">pvl_getaoi</tocitem>
 	    </tocitem>

	<tocitem target="html\pvlib_functions_by_cat.html#4">Photovoltaic System Functions
		<tocitem target="html\pvl_sapmmoduledb_help.html">pvl_sapmmoduledb</tocitem>
		<tocitem target="html\pvl_SAMLibraryReader_CECModules_help.html">pvl_SAMLibraryReader_CECModules</tocitem>
		<tocitem target="html\pvl_SAMLibraryReader_SNLInverters_help.html">pvl_SAMLibraryReader_SNLInverters</tocitem>
		<tocitem target="html\pvl_sapmcelltemp_help.html">pvl_sapmcelltemp</tocitem>
		<tocitem target="html\pvl_physicaliam_help.html">pvl_physicaliam</tocitem>
		<tocitem target="html\pvl_ashraeiam_help.html">pvl_ashraeiam</tocitem>
	        <tocitem target="html\pvl_martinruiziam_help.html">pvl_martinruiziam</tocitem>
	        <tocitem target="html\pvl_FSspeccorr_help.html">pvl_FSspeccorr</tocitem>
	        <tocitem target="html\pvl_calcparams_desoto_help.html">pvl_calcparams_desoto</tocitem>
	        <tocitem target="html\pvl_calcparams_CEC_help.html">pvl_calcparams_CEC</tocitem>
	        <tocitem target="html\pvl_calcparams_PVsyst_help.html">pvl_calcparams_PVsyst</tocitem>
	        <tocitem target="html\pvl_singlediode_help.html">pvl_singlediode</tocitem>
		<tocitem target="html\pvl_sapm_help.html">pvl_sapm</tocitem>
		<tocitem target="html\pvl_huld_help.html">pvl_huld</tocitem>
                <tocitem target="html\pvl_snlinverter_help.html">pvl_snlinverter</tocitem>
                <tocitem target="html\pvl_adrinverter_help.html">pvl_adrinverter</tocitem>
		<tocitem target="html\pvl_singleaxis_help.html">pvl_singleaxis</tocitem>
	</tocitem>

	<tocitem target="html\pvlib_functions_by_cat.html#5">Numerical Utilities 
                <tocitem target="html\pvl_lambertw_help.html">pvl_lambertw</tocitem>
                <tocitem target="html\numdiff_help.html">numdiff</tocitem>
	</tocitem>

	<tocitem target="html\pvlib_functions_by_cat.html#5">Example Scripts 
                <tocitem target="html\PVL_TestScript1.html">PVL_TestScript1</tocitem>
                <tocitem target="html\PVL_TestScript2.html">PVL_TestScript2</tocitem>
	</tocitem>

	    <!-- List links to function ref pages, alphabetically -->
            <!-- <...> -->
        
	</tocitem>
        <!-- Optional Release Notes file -->
        <tocitem target="html\pvlib_release_notes.html" 
            image="HelpIcon.RELEASE_NOTES">PV_LIB Release Notes
        </tocitem>
        <!-- Optional List of Examples, with hyperlinks to examples in other files -->
        <!-- Optional Function Reference by category comes next -->
        <tocreference target="helpfuncbycat.xml" 
                      image="HelpIcon.FUNCTION">
        </tocreference>
        
        <!-- Optional link or links to your or other Web sites -->
        <tocitem target="http://energy.sandia.gov/?page_id=2493" 
                 image="$toolbox/matlab/icons/webicon.gif">
        PV_LIB Toolbox on the web
        </tocitem>
    </tocitem>
</toc>